{
  "input_nodes": 49,
  "hidden_nodes": 7,
  "output_nodes": 3,
  "weights_ih": {
    "rows": 7,
    "cols": 49,
    "data": [
      [
        0.17788131084082703,
        -0.21905608188563264,
        0.02863952568520373,
        0.6601295593340777,
        -0.43381741368146376,
        0.8803846074680739,
        0.1639166370963694,
        -0.6932915475081236,
        0.8187194357133296,
        -0.9900457296116371,
        -1.8822764655507833,
        -0.5367045702027504,
        -0.9065841505576002,
        0.3367850008549311,
        0.010278689115856611,
        -0.759348244069611,
        -1.0382650901168893,
        -1.924860090895991,
        -1.4589662441943283,
        -0.8761850419581428,
        0.11223268470343839,
        0.8588932357338094,
        -0.22623415752446321,
        -0.22805354523409702,
        -1.430253544890547,
        -1.3433109834780979,
        -0.5944726060206147,
        0.2773907129362844,
        0.10437229180591313,
        -0.14155505383629624,
        -0.49249625073591646,
        -0.8839436874906753,
        -1.4890151679038033,
        -0.5078072383358858,
        -0.9896481919580968,
        -0.7038050704225327,
        -0.07231039973103837,
        0.40094148027747284,
        -1.544691159923096,
        -0.7207012020167084,
        0.13297718011276194,
        0.6828445799261531,
        0.03993194951204204,
        0.29316044128131447,
        -0.10835642446928347,
        -0.5556330901152315,
        -0.158607482630552,
        -0.7022626483020526,
        -0.21022377413847293
      ],
      [
        -0.09195048854078047,
        0.4802108274489707,
        -0.24341705106847267,
        -1.1985903259116562,
        -1.5063466162078019,
        -0.2297323544372354,
        -0.972337803000261,
        0.9873897126378544,
        0.6889267240141526,
        -1.0880403225653252,
        -1.7298446778603451,
        -0.7680741520513013,
        -0.726157762679156,
        0.7904077946783619,
        -0.9943346585091472,
        0.317353486724076,
        -0.936209608472378,
        -1.8248123058151593,
        -0.7577134241276763,
        -1.1502487439719888,
        -0.8964108300500964,
        -0.44884480856852055,
        -0.12837288573114608,
        -1.0982726696337526,
        -0.4435830395788114,
        -1.2108511380516016,
        -0.7236243621879003,
        -0.2868773631700777,
        -0.6451635398047575,
        -0.3875597785186961,
        -0.4364227485309666,
        -1.1028078731661135,
        -1.1495946217666826,
        -1.089922737413601,
        -0.5034469845465632,
        -0.48166538909061307,
        -0.16928331352883008,
        -0.3847097311952518,
        -0.896254561958638,
        -0.3893734919828593,
        -0.8685905333615924,
        0.12817736065253005,
        0.1015961315977787,
        -0.5280688377768508,
        0.15017411467802383,
        0.33639092528017034,
        -1.024368978246438,
        -0.778559145142927,
        0.31399908718751623
      ],
      [
        -0.35485214105016905,
        -0.8513595533345883,
        0.8277320042931647,
        0.25520553635365556,
        0.5149915598585828,
        -0.5288602980614483,
        0.6478675992482672,
        0.9351288307565127,
        0.6372672773800647,
        0.07895108589970021,
        1.5144812410575876,
        0.4626270945897352,
        0.7485845156516193,
        -0.5223269822198078,
        -0.4276955210684305,
        0.74024112485541,
        0.2949908391606809,
        2.2856518579307123,
        2.2172734183095653,
        1.2470677049018002,
        -0.44689111167461115,
        0.6272753623657704,
        1.46735075655759,
        1.0457630728100762,
        0.6298962964137989,
        1.0656462745332986,
        1.4253556329177173,
        1.0234526729391318,
        -0.6519644588996235,
        0.40726699062217786,
        0.8749554585337075,
        1.3195867884275032,
        1.296334036972112,
        1.3819464949639524,
        1.2903724290795018,
        -0.858416826513305,
        -0.11966491677308522,
        0.9547006351083364,
        1.9152158676923945,
        0.6917845128957918,
        -0.48347224546749334,
        0.7349692935270533,
        0.07528730085262358,
        0.3305912028624456,
        0.6692947418387332,
        1.0183146020840879,
        0.4550682038883076,
        -0.5212021769750819,
        0.4348615558649378
      ],
      [
        0.3220562453178841,
        0.030986803021150866,
        0.8953839508853139,
        0.44340475217423136,
        0.49947846914070176,
        0.6224811086947022,
        -0.32903768742847594,
        -0.24506977260554974,
        -0.022312504455674897,
        1.0363041812500502,
        1.5285651991129967,
        0.4723472567993424,
        0.04907808676843173,
        0.7587014176834384,
        -0.6010439158539449,
        0.43886440702205193,
        1.143159804034589,
        1.541555641832382,
        1.3048840771991002,
        1.4382591734963601,
        0.046116451760650976,
        -0.8987785437895653,
        0.6917547251517484,
        0.878258664746754,
        1.4403634646635761,
        0.8249653988698471,
        1.69090168744739,
        -0.3604839910363402,
        0.958170367222334,
        1.5545154862521724,
        0.015748167495041467,
        1.5679171355107147,
        0.8765693891773085,
        0.9995487997657141,
        0.6366678257066428,
        -0.6284648826062242,
        -0.7134861305159048,
        0.8123789936887202,
        1.3229032977835287,
        0.8424056991026138,
        -0.9676151771954671,
        0.5101737266964919,
        -0.1086199752690451,
        -0.7244588333141206,
        0.2919668829326853,
        -0.12499959094386516,
        -0.21302690772936772,
        -0.8116777400051323,
        0.6860039988986113
      ],
      [
        0.8191239622766671,
        -0.24749560692154793,
        -0.6447978479096844,
        -0.5736967445073747,
        0.1002716624445424,
        -0.8982344876580104,
        -0.7694365806407757,
        -0.05624852541601921,
        0.6682309082573661,
        -0.8680533444085122,
        -0.9301327592551832,
        -0.783839212809914,
        -0.5280836413837058,
        0.799339766769187,
        -0.9050662982256681,
        -0.38807099575628745,
        -1.3151448985047969,
        -1.5155845000261234,
        -1.689576263488599,
        -1.9511399201784347,
        -0.38969462505590663,
        0.11457575921926037,
        -1.3037506979492703,
        -0.7202679061730272,
        -0.9934628753492047,
        -1.180060078841194,
        -1.0662569569003462,
        -1.018484969378234,
        0.1933123369379791,
        -0.650303326046605,
        -0.774661639791005,
        -1.1091755639608007,
        -1.4456150105388101,
        -0.29289148769711726,
        -0.7581786697145538,
        -0.5932420392563884,
        0.07964082244281467,
        -0.8883415522237438,
        -1.3948885097794455,
        -0.6890889003461674,
        -0.24917664895224778,
        0.2663341114131206,
        0.11031083951844867,
        -0.0662728618817483,
        -1.0708546551262694,
        -0.5735396114792946,
        -0.7245006454468662,
        -0.9712329962372506,
        -0.14122620999508495
      ],
      [
        -0.14246846259048995,
        -0.9724953246797221,
        1.1294779455906,
        -0.0014924110870734501,
        -0.14421717280442867,
        -0.9005556930766812,
        -0.7027056690236733,
        -0.09641257627863986,
        0.8103638567351137,
        -0.11761655807068062,
        2.098494341595726,
        0.2801148101684241,
        -0.23278263690631418,
        0.8856470273718644,
        0.1265690364054209,
        0.9219191173130267,
        1.1811709105011456,
        2.3164702604099743,
        2.103071519598016,
        1.0610868635301676,
        0.20046437448530277,
        -0.5956947893441487,
        1.2313597747346867,
        1.52459964308487,
        1.6536968657398954,
        1.7551048672428586,
