{
  "input_nodes": 49,
  "hidden_nodes": 7,
  "output_nodes": 3,
  "weights_ih": {
    "rows": 7,
    "cols": 49,
    "data": [
      [
        -0.32101689120842547,
        0.8475954303329214,
        -0.8824438908007278,
        -1.3582439666427584,
        -5.229378156425093,
        -0.90852912182166,
        0.3857132060919155,
        0.5775567019892436,
        -0.5410523102820526,
        -4.575649737991332,
        -0.582591094751823,
        4.768352055120821,
        0.04566422093019318,
        0.8501527423151725,
        0.19687918566530735,
        -0.05301918544660214,
        0.17218674512986454,
        0.7197032459924958,
        3.6750269641371274,
        1.5690546672051546,
        -0.08103975625298591,
        -0.0785606710466698,
        0.17232306394934527,
        3.4445808318834534,
        2.975456720588547,
        -3.622987131837241,
        2.260695167411523,
        -0.18550946441910565,
        -0.04822528304188936,
        -0.31183205410441506,
        -4.286506486180023,
        0.592754608642933,
        -2.917696177679764,
        1.830186649646221,
        1.3523982161182566,
        -0.8342908655149559,
        -0.5025045218970559,
        1.2713749536334178,
        0.34773277400282687,
        -0.28930603083651835,
        0.2190719047877958,
        -0.08502013598019165,
        0.4841444366828891,
        -0.2252971161900752,
        5.661782654503794,
        -1.1701133980428415,
        -1.2943391273437612,
        0.8532516950421773,
        -0.15668240033065794
      ],
      [
        0.7215577660389458,
        -0.6306329348841824,
        2.6943630236165905,
        2.4354343321771736,
        0.8166783918520488,
        0.5888158209635108,
        -0.2967621754418004,
        -0.36951286605322187,
        0.15488209966553335,
        0.26845488674022844,
        -1.0675559038514844,
        1.3514092235191246,
        0.29681102647893587,
        -0.5649464770899884,
        -0.15067797289901766,
        0.26816637201336524,
        -1.1264885402738223,
        -0.1560081597235959,
        -3.764637081708388,
        0.7402391260630773,
        1.6031201879416408,
        3.0612561241143603,
        0.8129942626350025,
        -4.43660045570897,
        0.5160388171462573,
        1.2283242348952124,
        1.7120036967983594,
        0.11002809001167872,
        0.7736734098626157,
        0.5015838934669309,
        0.2647352745510549,
        -1.222787624975162,
        -1.3418966536389838,
        1.4187088374085748,
        -0.8434206802891626,
        0.3664905487185348,
        -0.3776888794692841,
        -1.7261275671001253,
        0.21081097851582273,
        0.3484881598451671,
        0.9151143758469877,
        0.2929963398171229,
        0.47345404096069243,
        -0.9126913484384027,
        -1.5435787414489999,
        -3.257157617264561,
        -3.3547139435827398,
        -0.4775521032424934,
        -0.0876532485186261
      ],
      [
        0.5003160426154576,
        -0.32140303036606754,
        -0.9723674361459081,
        -0.8231373270415775,
        2.0260380125497934,
        0.5209535217034089,
        0.38955642510666255,
        0.8127863334667071,
        0.3790777981827267,
        2.6611203218462824,
        1.6253203772476448,
        1.0310465565705182,
        0.49741346510612416,
        0.2570141381291742,
        0.4730058670764249,
        1.8606446840642032,
        0.33177839421456373,
        0.8362228572928879,
        -3.983628617752394,
        -2.0505892329860282,
        0.07825161117092357,
        -0.07866935485943907,
        -0.21378769364495354,
        1.78385793440457,
        1.238327550645016,
        -4.145419330926437,
        -2.6594361192206377,
        -0.5514101613681343,
        1.0702233992612045,
        1.5666367389169378,
        -0.11920948160705933,
        -1.276617731477486,
        1.3988317909755552,
        -3.139092121831588,
        -3.9564200314673195,
        -0.4698762275313104,
        0.11122400498632423,
        1.02940690652101,
        -1.1266226427843729,
        -0.7912602839114659,
        -0.7747397468818451,
        -0.484569458314271,
        0.15026296218899926,
        0.08007235013941427,
        4.148123611040431,
        0.36327395369248305,
        -0.30787981379146256,
        -0.7855768120571849,
        -0.1151248406465597
      ],
      [
        -0.348002436988021,
        -0.8331592253389548,
        3.575272271925584,
        3.214204448083746,
        -1.011916585799601,
        0.8279907910036841,
        -0.25370173239866345,
        -0.9328001259952692,
        -0.27239925073727456,
        1.3837369961122012,
        2.394395326548241,
        0.791522546512825,
        -0.16582456758482556,
        -0.9950860872343479,
        -2.125078378405965,
        -1.3476209863072428,
        0.39178948876428726,
        -1.0407359768246023,
        -3.1903426986983354,
        -0.5025178208600292,
        0.4176289007240516,
        0.4982737452931378,
        1.6038868011764653,
        5.893145754783803,
        -0.9730259096654054,
        -0.10010122681704825,
        -1.9330733262817286,
        0.6166874614653434,
        1.4627921174601668,
        1.1263923469173815,
        4.104184011207772,
        -0.7691512305714623,
        0.779478441997485,
        -1.8928310232848446,
        -4.143571554893273,
        -0.5978203126949491,
        -0.5391554231548712,
        -5.406293655118674,
        -0.013201553535996205,
        -0.6479276705233241,
        0.818102389423168,
        -0.49422436511598233,
        -0.9694135640927786,
        0.010449219766631046,
        2.432686221421691,
        -4.169071764868074,
        -3.55396638218568,
        -0.904347120656015,
        0.4349045128966962
      ],
      [
        0.3392763162632342,
        0.7518101258396963,
        -0.3545782849544096,
        1.059298145204425,
        0.8247752956630522,
        -0.22041347493015317,
        0.8492636318899836,
        -0.004148011952803454,
        0.193200345525947,
        -0.6710932227844812,
        -4.084236697481957,
        -2.4129627000898095,
        0.008025838488237014,
        -0.11922472319847932,
        0.3369989152542738,
        0.8142165095235231,
        -3.1068620715940187,
        0.6060318684220589,
        1.471432821867353,
        -0.5832940569891147,
        0.8603146280001432,
        -0.7254598950110963,
        -0.8514517410284941,
        1.2265052635046911,
        1.6894960782236437,
        3.252941180204563,
        0.8313765667815118,
        -0.46957782317189856,
        -0.7865972818219737,
        0.1537315139990842,
        1.9611161924751899,
        0.22331220097602578,
        0.4450353896858762,
        -1.2567285986119427,
        -1.8981393741918324,
        0.3843466557860209,
        -0.67358795458451,
        -0.8736335851529916,
        -0.8866103156940844,
        -1.349385418953744,
        0.3200335355645496,
        0.6939395251519831,
        -0.87891318946886,
        0.6276296094497127,
        -1.1764681014986471,
        -0.8122944780938306,
        -1.7897545281560698,
        0.4165435348258941,
        0.14512582780194672
      ],
      [
        0.2372189158261997,
        0.3837712580280419,
        0.3337494388267162,
        -0.4960673442821823,
        -0.4229513729263597,
        0.8792775445699261,
        0.3484056056450635,
        -0.27380755010808233,
        -0.4457050067591579,
        1.4974435235197334,
        -0.5973205124057818,
        -4.250401495569519,
        -0.048592935910705126,
        -0.9826036733775152,
        1.89197846536453,
        2.180101506220242,
        -2.873490604217941,
        0.9169160592485944,
        -1.9780958555806425,
        -3.026714836274782,
        -2.409442376827116,
        1.7630239734659447,
        5.904557073474547,
        -0.09652754270205789,
        0.3653140260717665,
        -3.2573039358508593,
        -3.7729080820872043,
        -2.3344223664228294,
